[{"model": "categories.category", "pk": 1, "fields": {"title": "Comedy", "slug": "comedy", "active": true, "timestamp": "2021-03-24T17:37:48.043Z", "updated": "2021-03-24T17:37:48.043Z"}}, {"model": "categories.category", "pk": 2, "fields": {"title": "Action", "slug": "action", "active": true, "timestamp": "2021-03-24T17:44:23.032Z", "updated": "2021-03-24T17:44:23.032Z"}}, {"model": "categories.category", "pk": 4, "fields": {"title": "Drama", "slug": "drama", "active": true, "timestamp": "2021-03-24T17:47:22.009Z", "updated": "2021-03-24T17:47:22.009Z"}}, {"model": "playlists.playlist", "pk": 1, "fields": {"parent": null, "category": 2, "order": 1, "title": "Avengers", "type": "MOV", "description": "", "slug": "avengers", "video": 1, "active": true, "timestamp": "2021-03-23T22:21:10.168Z", "updated": "2021-03-24T18:01:20.357Z", "state": "PU", "publish_timestamp": "2021-03-23T22:21:10.167Z"}}, {"model": "playlists.playlist", "pk": 2, "fields": {"parent": null, "category": 1, "order": 1, "title": "The Office", "type": "TVS", "description": "", "slug": "the-office", "video": null, "active": true, "timestamp": "2021-03-23T22:21:41.835Z", "updated": "2021-03-24T18:21:18.290Z", "state": "PU", "publish_timestamp": "2021-03-23T22:21:41.834Z"}}, {"model": "playlists.playlist", "pk": 3, "fields": {"parent": 2, "category": null, "order": 1, "title": "Season 1", "type": "SEA", "description": "", "slug": "season-1", "video": null, "active": true, "timestamp": "2021-03-23T22:21:41.839Z", "updated": "2021-03-23T22:22:43.533Z", "state": "PU", "publish_timestamp": "2021-03-23T22:22:12Z"}}, {"model": "playlists.playlist", "pk": 4, "fields": {"parent": 2, "category": null, "order": 2, "title": "Season 2", "type": "SEA", "description": "", "slug": "season-2", "video": null, "active": true, "timestamp": "2021-03-23T22:21:41.840Z", "updated": "2021-03-23T22:22:56.769Z", "state": "PU", "publish_timestamp": "2021-03-23T22:22:12Z"}}, {"model": "playlists.playlist", "pk": 5, "fields": {"parent": null, "category": null, "order": 1, "title": "Parks & Rec", "type": "TVS", "description": "", "slug": "parks-rec", "video": null, "active": true, "timestamp": "2021-03-23T22:22:06.370Z", "updated": "2021-03-24T18:22:58.191Z", "state": "PU", "publish_timestamp": "2021-03-23T22:22:06.369Z"}}, {"model": "playlists.playlist", "pk": 6, "fields": {"parent": 5, "category": null, "order": 1, "title": "Season 1", "type": "SEA", "description": "", "slug": "season-1", "video": null, "active": true, "timestamp": "2021-03-23T22:22:06.373Z", "updated": "2021-03-23T22:23:14.212Z", "state": "PU", "publish_timestamp": "2021-03-23T22:22:06Z"}}, {"model": "playlists.playlist", "pk": 7, "fields": {"parent": 5, "category": null, "order": 2, "title": "Season 2", "type": "SEA", "description": "", "slug": "season-2", "video": null, "active": true, "timestamp": "2021-03-23T22:22:06.374Z", "updated": "2021-03-23T22:23:27.521Z", "state": "PU", "publish_timestamp": "2021-03-23T22:22:06Z"}}, {"model": "playlists.playlist", "pk": 8, "fields": {"parent": null, "category": null, "order": 1, "title": "Featured Playlist 1", "type": "PLY", "description": "", "slug": "featured-playlist-1", "video": null, "active": true, "timestamp": "2021-03-23T22:45:30.400Z", "updated": "2021-03-23T22:50:48.541Z", "state": "PU", "publish_timestamp": "2021-03-23T22:45:30Z"}}, {"model": "playlists.playlist", "pk": 9, "fields": {"parent": null, "category": null, "order": 1, "title": "TV Shows", "type": "PLY", "description": "", "slug": "tv-shows", "video": null, "active": true, "timestamp": "2021-03-23T23:04:17.677Z", "updated": "2021-03-23T23:04:17.677Z", "state": "PU", "publish_timestamp": "2021-03-23T23:04:17.676Z"}}, {"model": "playlists.playlist", "pk": 10, "fields": {"parent": null, "category": 1, "order": 1, "title": "Ant Man", "type": "MOV", "description": "", "slug": "ant-man", "video": null, "active": true, "timestamp": "2021-03-24T17:38:07.296Z", "updated": "2021-03-24T17:59:12.489Z", "state": "PU", "publish_timestamp": "2021-03-24T17:38:07.296Z"}}, {"model": "playlists.playlist", "pk": 11, "fields": {"parent": 5, "category": 1, "order": 1, "title": "Season 4", "type": "SEA", "description": "", "slug": "season-4", "video": null, "active": true, "timestamp": "2021-03-24T17:38:38.400Z", "updated": "2021-03-24T17:38:38.400Z", "state": "PU", "publish_timestamp": "2021-03-24T17:38:38.399Z"}}, {"model": "playlists.playlist", "pk": 12, "fields": {"parent": null, "category": 4, "order": 1, "title": "30 Days of Python", "type": "MOV", "description": "", "slug": "30-days-of-python", "video": null, "active": true, "timestamp": "2021-03-24T21:25:56.094Z", "updated": "2021-03-24T21:25:56.094Z", "state": "PU", "publish_timestamp": "2021-03-24T21:25:56.093Z"}}, {"model": "playlists.playlistitem", "pk": 1, "fields": {"playlist": 3, "video": 1, "order": 1, "timestamp": "2021-03-23T22:22:43.546Z"}}, {"model": "playlists.playlistitem", "pk": 2, "fields": {"playlist": 3, "video": 2, "order": 2, "timestamp": "2021-03-23T22:22:43.547Z"}}, {"model": "playlists.playlistitem", "pk": 3, "fields": {"playlist": 3, "video": 3, "order": 3, "timestamp": "2021-03-23T22:22:43.547Z"}}, {"model": "playlists.playlistitem", "pk": 4, "fields": {"playlist": 4, "video": 1, "order": 1, "timestamp": "2021-03-23T22:22:56.770Z"}}, {"model": "playlists.playlistitem", "pk": 5, "fields": {"playlist": 4, "video": 2, "order": 2, "timestamp": "2021-03-23T22:22:56.770Z"}}, {"model": "playlists.playlistitem", "pk": 6, "fields": {"playlist": 4, "video": 3, "order": 3, "timestamp": "2021-03-23T22:22:56.770Z"}}, {"model": "playlists.playlistitem", "pk": 7, "fields": {"playlist": 6, "video": 1, "order": 1, "timestamp": "2021-03-23T22:23:14.213Z"}}, {"model": "playlists.playlistitem", "pk": 8, "fields": {"playlist": 6, "video": 2, "order": 2, "timestamp": "2021-03-23T22:23:14.214Z"}}, {"model": "playlists.playlistitem", "pk": 9, "fields": {"playlist": 6, "video": 3, "order": 3, "timestamp": "2021-03-23T22:23:14.214Z"}}, {"model": "playlists.playlistitem", "pk": 10, "fields": {"playlist": 7, "video": 1, "order": 1, "timestamp": "2021-03-23T22:23:27.522Z"}}, {"model": "playlists.playlistitem", "pk": 11, "fields": {"playlist": 7, "video": 2, "order": 2, "timestamp": "2021-03-23T22:23:27.523Z"}}, {"model": "playlists.playlistitem", "pk": 12, "fields": {"playlist": 7, "video": 3, "order": 3, "timestamp": "2021-03-23T22:23:27.523Z"}}, {"model": "playlists.playlistrelated", "pk": 1, "fields": {"playlist": 8, "related": 1, "order": 1, "timestamp": "2021-03-23T22:50:48.542Z"}}, {"model": "playlists.playlistrelated", "pk": 2, "fields": {"playlist": 8, "related": 2, "order": 2, "timestamp": "2021-03-23T22:50:48.542Z"}}, {"model": "playlists.playlistrelated", "pk": 3, "fields": {"playlist": 8, "related": 5, "order": 3, "timestamp": "2021-03-23T22:50:48.543Z"}}, {"model": "playlists.playlistrelated", "pk": 4, "fields": {"playlist": 9, "related": 2, "order": 1, "timestamp": "2021-03-23T23:04:17.678Z"}}, {"model": "playlists.playlistrelated", "pk": 5, "fields": {"playlist": 9, "related": 5, "order": 1, "timestamp": "2021-03-23T23:04:17.678Z"}}, {"model": "videos.video", "pk": 1, "fields": {"title": "Avengers Trailer", "description": "", "slug": "avengers-trailer", "video_id": "TcMBFSGVi1c", "active": true, "timestamp": "2021-03-23T22:19:48.708Z", "updated": "2021-03-23T22:19:48.708Z", "state": "PU", "publish_timestamp": "2021-03-23T22:19:48.707Z"}}, {"model": "videos.video", "pk": 2, "fields": {"title": "Parks & Rec Trailer", "description": "", "slug": "parks-rec-trailer", "video_id": "eey-wOyTOJs", "active": true, "timestamp": "2021-03-23T22:20:31.060Z", "updated": "2021-03-23T22:20:31.060Z", "state": "PU", "publish_timestamp": "2021-03-23T22:20:31.060Z"}}, {"model": "videos.video", "pk": 3, "fields": {"title": "The Office Trailer", "description": "", "slug": "the-office-trailer", "video_id": "gO8N3L_aERg", "active": true, "timestamp": "2021-03-23T22:20:56.215Z", "updated": "2021-03-23T22:20:56.215Z", "state": "PU", "publish_timestamp": "2021-03-23T22:20:56.215Z"}}, {"model": "tags.taggeditem", "pk": 1, "fields": {"tag": "comedy", "content_type": 8, "object_id": 10}}, {"model": "tags.taggeditem", "pk": 2, "fields": {"tag": "action", "content_type": 8, "object_id": 10}}, {"model": "tags.taggeditem", "pk": 3, "fields": {"tag": "mcu", "content_type": 8, "object_id": 10}}, {"model": "tags.taggeditem", "pk": 4, "fields": {"tag": "paul-rudd", "content_type": 8, "object_id": 10}}, {"model": "tags.taggeditem", "pk": 5, "fields": {"tag": "action", "content_type": 8, "object_id": 1}}, {"model": "tags.taggeditem", "pk": 6, "fields": {"tag": "sci-fi", "content_type": 8, "object_id": 1}}, {"model": "tags.taggeditem", "pk": 7, "fields": {"tag": "comedy", "content_type": 8, "object_id": 2}}, {"model": "tags.taggeditem", "pk": 8, "fields": {"tag": "sitcom", "content_type": 8, "object_id": 2}}, {"model": "tags.taggeditem", "pk": 9, "fields": {"tag": "paul-rudd", "content_type": 8, "object_id": 5}}]